id,headline
0,California.
1,"Camp's Mill, N.Y. (""Campen's mill"")."
2,"Dublin, Ireland."
3,"Barby, Moravian Center in Germany"
4,"Locust Point, Ottawa Co., O."
5,"Washington, D.C."
6,"Lebanon, Pa."
7,"Cuyahoga, River and area, O."
8,"Montreal, Quebec, Canada."
9,"Wild Creek (presum. Wills Creek), Coshocton Co., O."
10,"Muncie, Delaware Co., Ind."
11,"Great Swamp, Monroe Co., Pa."
12,"Montgomery Co., Pa."
13,"Maumee River, O (""Great Miami"")."
14,"Gracehill (""Gnadenhugel"")."
15,Berbice
16,"Canajoharie (""Kannatschochori"") Montgomery Co., N.Y."
17,"Monongahela River, Pa."
18,"Tulling (?) Brook, N.Y."
19,"Sodus Point, N.Y."
20,Mocheslachpisisink.
21,"Bethlehem, Pa., Moravian Center."
22,Bass Islands
23,White Eye's Town.
24,Ganatocheracht.
25,Fort Detroit.
26,"Wilson's Mill, Northampton Co., Pa."
27,"Breakneck Hill, Susquehanna Valley, Pa."
28,"Kaek ke la muk paechung, Kekelamukpechen, Kekelamukpechung, Town and Creek."
29,Maschapinck Creek.
30,Tennessee.
31,Friedensthal.
32,North River-Hudson River.
33,Harris' Ferry.
34,"Canajoharis, Montgomery Co., N.Y. (""Connitschochery"", ""Conitshaggery"")."
35,Lehigh River.
36,"Turkey Hill, Township of Derby, New Haven Co., Conn."
37,Snycardy.
38,"Tioga River, N.Y."
39,"New River, W.Va."
40,Meemkekak.
41,Goschachgunk.
42,"Wills Creek, Guernsey Co., O."
43,"Caledonia, Livingston Co., N.Y."
44,"Connytown, mod. Bainbridge, Lancaster Co., Pa."
45,"Sandusky River, O., (St. Dusky River)."
46,"Guinea, West Africa."
47,"Rapids, Maumee River, Ohio, probably Grand Rapids."
48,"Quittoppehille, Lebanon, Pa."
49,"Elizabethtown, Lancaster Co., Pa."
50,Holland.
51,"High Lands, N.Y."
52,"Helltown, Walhending River, O."
53,"Pohopoco Creek, Monroe and Carbon Co., Pa. (al. Puchgapuchga, Puchkepuch, Puchquapuchque, Buggaguchga, Bugabuga, etc.)."
54,"Kaskaskunk (""Kaskaskung, Caskaskung, Coschcaskung"" on Beaver River) Lawrence Co., Pa."
55,"Antigua, West Indies"
56,Machchilusing.
57,"Utica, N.Y. (""Judica"") former Ft. Skuyler."
58,St. Clair River.
59,"Wechquitehanek River, N.W. O."
60,Siis-queh-han-neek.
61,"Gnadenhutten, Tuscarawas Co., O. (White settlement)."
62,"Big Sodus Bay, N.Y."
63,"Quage Town, Grand River, Ontario."
64,Old Pennsylvania Road.
65,Canegotschik.
66,New Spain.
67,"Coschosching, Coschkoschunk."
68,"Shenango (Shenenge, Sheninge) River and area, Mercer and Lawrence Co., Pa."
69,"Monocacy (""Manakosy"") River, Md."
70,"Chippawa, Ontario."
71,Kentucky (Kentuk).
72,"Barbados, West Indies"
73,New Fairfield.
74,Wabash River.
75,"Heidelberg, Berks Co., Pa."
76,"Buchkabuchka Creek, (al. ""Bugggabuchga"") Pohopoco Cr., Carbon Co., Pa."
77,"Glade Country, Pa."
78,"Chillicothe, O."
79,"Gigeyunk, (""Kikeyunk"") Fort Wayne, Ind."
80,"Albany, N.Y. (""Albanien"")"
81,"Chippewa Creek, Ontario."
82,"Fort Cumberland, Md."
83,"Jerome's Town, O., Ashland Co."
84,"Bedford, Bedford Co., Pa."
85,"Beersheba, Tuscarawas Co., O."
86,"Wyalusing, Friedenshutten, Pa. (""Wiolousing"")."
87,Old Beaver Dam.
88,"Walbeck, Lutheran mission place in N.J. (correctly Walpack)."
89,Upper Sandusky.
90,"Neyachquoank, near St. Clair River."
91,Anahochquaga
92,"Rhinebeck, Dutchess Co., N.Y. (""Reinbeck"")."
93,"Big-Tree, Genesee, N.Y."
94,Macungie.
95,"Ohio Hill, Beaver Co., Pa."
96,Allobank (Hallobank)
97,Europe.
98,"Shecomeko, N.Y. (""Checomeko"")."
99,"Marienborn, Germany."
100,"Tschochnot, place near Wyalusing."
101,"North Branch, N.J."
102,"Credit River, Ontario."
103,"Paint Creek (prob. Vermilion River, O.)."
104,"Dry Ridge, Pa."
105,Louisiana.
106,"Trumbull Co., O."
107,"Scatticock, Conn."
108,"Oswego, possibly Mingo place near Grand River, Ontario, (Ohsweken)."
109,"Muddy Creek, Lancaster Co., Pa (""Moden Creek"")."
110,"Jersey (""The Jerseys""), New Jersey."
111,Meshcascungk.
112,"Machchilusing (al. ""Machchihillussunk""), Waylusing, Bradford Co., Pa."
113,Lake Superior.
114,"Straits, between Lake Erie and Lake Huron."
115,"Four Brothers (""Vier Bruder"")."
116,"St. Croix, West Indies."
117,Scioto River.
118,"Buffalo, W.Va."
119,"Upper Lusatia, Germany."
120,"Rocky River, Cuyahoga Co., O."
121,Schih-shi-quan-nink.
122,"Rose, The, Nazareth, Pa."
123,"Paxtang (""Paxton""), Dauphin Co., Pa."
124,"Strasburg, Franklin Co., Pa."
125,"Gekelemukpechunk Creek, Stillwater Cr."
126,"Princeton, N.J."
127,"New Brunswick, N.J. (""Brunswick,"" ""Brownschweig,"" ""Braunschweig"")."
128,Schecomeco.
129,"Maumee River (""Miami of the Lake"", Tawa River), O."
130,"Aux Sables River, Ontario called Negausibis, Sand River"
131,"Coshocton, former Goschachgunk."
132,"Stillwater Creek, O."
133,"Crown Point, Essex Co., N.Y."
134,Unami River.
135,"Malden (also Fort Malden), Ontario."
136,"Walhanding River, al. White Woman's Creek, Coshocton Co., O."
137,"Ktukquiminschi, (Black Walnut), town near Presqu'isle, Erie, Pa."
138,"Belmont Co., O."
139,"Weelhik Thuppeek (""Weelhik Tuppeek"")."
140,"Wyoming Hills, Luzerne Co., Pa."
141,Yrene.
142,"Niagara-on-the-Lake, Ontario (""Niagaratown"")."
143,"Bethabara, N.C."
144,"Sideling Hill, Fulton Co., Pa."
145,"Lees Creek, Fayette and Highland County, O."
146,"Coschachkung, Coschachkunk."
147,"Echpalawehund's Town, Delaware Settlement, Ohio."
148,Lower Shawnee Town.
149,Denmark.
150,"Green Bay, Wisc."
151,"Jongquakamik Landing, Ontario."
152,"Massass Town, O."
153,"Wyalusing (""Wihilusing""), Bradford Co., Pa."
154,"Fort Schlosser (Slosser""), N.Y."
155,"Shamokin Creek, Northumberland Co., Pa."
156,"Mount Joy, Lancaster Co., Pa."
157,"Thuppekunk, Schonbrunn, O."
158,"Jongquakamik River, Ontario (East Sydenham)."
159,"Point au Tremble, place on St. Clair River, Mich. north of Denke's mission."
160,"Niagara, N.Y."
161,"Burlington, N.J."
162,"Delaware, Town and Township, Ontario."
163,"Eschebeke, poss. Nescopeek."
164,"Gallipolis, Gallis Co., O."
165,"Annaquachticok, Conn."
166,Patowmak.
167,"Johnson's Hall, place between Fort Hunter and Fort Plain, N.Y., north side of Mohawk River."
168,Beaver Dam
169,"New Stockbridge, N.Y., Christian Mahican settlement."
170,Manachningk.
171,"St. Joseph River, O. and Ind."
172,"Lake George, Warren Co., N.Y."
173,"Stratford, Fairfield Co., Conn."
174,Switzerland.
175,"Fairfield, Conn. (""Old Fairfield"")."
176,South Carolina.
177,"Wabisisipi, Swan River, Mich."
178,"Sugar Creek, Carroll Co., O."
179,Wequetank.
180,"Hockhooking (""Kockhocking"") Creek and Town."
181,"Schoharie, N.Y."
182,Owego.
183,Spanish Territory.
184,"Konigsfeld, Germany."
185,Somerset Co.
186,Leh-cha-week (Delaware).
187,Nova Scotia.
188,South Branch (prob. Ohio River).
189,Moravia.
190,Weelhik Thuppeek.
191,"Shawnee Town, White River."
192,Coschkoschingk.
193,"Fort Edward, Washington Co., N.Y."
194,"Berthelsdorf, near Herrnhut, Germany"
195,"Mooch-han-nook (Del.), ""Large River""."
196,"Middletown, Dauphin Co., Pa."
197,"Geneseo (Zoneschio, Zonesschio), Livingston Co., N.Y."
198,"Gnadenhutten, on Huron, or Clinton, River, Mich."
199,"Owego River, N.Y."
200,"Kanawha River (""Kashaway"") W.Va."
201,Muskingum Camp.
202,"Cleveland (""Cleveland""), O."
203,"Berthelsdorf, Germany"
204,"Chitqueu, Deep River, O."
205,"Westminster, Liberty of, London, Eng."
206,"Hamilton, O."
207,"Fish Kill, prob. Northampton Co., Pa."
208,"Fort Meigs, Maumee River rapids, Weed Co., O."
209,"Salem, N.C."
210,"Wurtemberg, Germany."
211,"Delaware Township, Thames River, Ontario."
212,"Pagetschiwomunk, Ontario, town at mouth of Chenaie ecartee."
213,Quenischachchachchqueh.
214,Otaheite. Gegoraphic Names.
215,"Papunhank's Town, Susquehanna Valley."
216,"Beersheba, near Gnadenhutten, Tuscarawas Co., O."
217,"Double Eagle (Doppeladler), Klinglerstown, Schuylkill Co., Pa."
218,"Susquehanna River and area, Pa."
219,"Fort Littleton, Futon Co., Pa."
220,"Meamkekak, Great Shawnee Town, O."
221,Machilusing Creek.
222,"Shamokin (al. ""Shomoko""), Sunbury, Northumberland Co., Pa."
223,"Appelisikook, Walhending area, O."
224,"Tuscarawas, O. (""Tuscarawi"")."
225,"Wisachkim, place in Susquehanna Region, Pa."
226,Canamek.
227,"Great Nine Partners Tract, Dutchess Co., N.Y."
228,"Quaker Hill, Conn."
229,"Lehigh (""Lecha"") River, Pa."
230,"Rocky Hill, N.J."
231,"Schoharie (Schochari, Schochcheri, Schochery), N.Y."
232,"Kent, Conn."
233,"Locust Point (called Honey Locust Point) Ottawa Co., O."
234,"Conewago, Avon, Livingston Co., N.Y."
235,"Tioga (Tiaogu) River or Creek, name applied to Chemung River, N.Y."
236,"Farmington, Hartford Co., Conn. (""Firmingtown"", ""Vermonthaun"")."
237,"Brotherton (""Brothertown""), Mohawk River, N.Y."
238,Lechawachnek.
239,Algiers
240,"Warte, Carbon or Luzerne Co., Pa."
241,Kitanesink.
242,Hutberg.
243,"Wahochquage, poss. Oquaga, Ouaquage, Broome Co., N.Y."
244,"Shawnee Towns, O."
245,"Conewago Hills, Dauphin Co., Pa."
246,"Kajakistown, Ontario."
247,"Sakapochk, Pa."
248,Wyalusing.
249,"Bern, Switzerland"
250,"K'takanstschau, the Big Mountain, Dutchess Co., N.Y."
251,"Stockbridge, Mass."
252,Sax's Tavern.
253,Passekachkungk.
254,"Gigeyjunk, Fort Wayne, Ind."
255,"Berlin, Germany"
256,Hokhokunk (prob. Hockhocking).
257,Lawunakhannek.
258,"Shamokin, Pa."
259,"Westenhuc, Berkshire Co., Mass. (""Westenhuk, Westenhook"")."
260,"Fish Kill, Dutchess Co., N.Y."
261,"Menissing, Pike Co."
262,Cuyahoga River.
263,"Muskingum, O., River and area."
264,"Yorktown, Via."
265,"Big Yellow Creek, O."
266,Retrenche River.
267,Allemaengel
268,"Bethel on the Swatara, Berks Co., Pa."
269,"Columbia, Hamilton Co., O."
270,Koachachkunk.
271,"Woapicamikunk, White River, Ind."
272,Indiana Territory.
273,"Onengo, Venango River (French Creek), Venango Co., Pa."
274,Woapisitschankgissigabawik.
275,"Corentyn, Surinam, South America."
276,Harsen's Island.
277,"Muskingum (""Muschkingum"") River and Country, O."
278,Fort Schlosser.
279,Salem.
280,"Leek Island, Delaware River."
281,"Codorus Creek, York Co., Pennsylvania (""Catores"")."
282,"Wenschigochpiechen, place in Susquehanna region, Pa."
283,"Herrnhut, Germany."
284,"Hokendaugua Creek, Northampton Co., Pa."
285,"Koenigsberg, Northumberland Co., Pa."
286,Mexico.
287,Kantanienberg.
288,"Mahony, Munsee Town on Allegheny River, Pa."
289,"Cincinnati, O."
290,"Onondaga (""Onondago"") N.Y."
291,"Warte, Lake Erie."
292,"Greenwich, Fairfield, Co., Conn."
293,Armstrong's Town
294,"Owenachki, Hackingpomaka's Town, White River, Ind."
295,"Vermilion River (""Wulamann"", Zinneber River"") O."
296,"Newell (""Newelstown""), Fayette Co., Pa."
297,Mahoning Creek.
298,"Goshen, N.Y."
299,"Dauphin (""Dauphiny"") Co., Pa."
300,Monnuhhuhtounuk.
301,"Rheimstown, probably in Pa."
302,"Jamaica, West Indies."
303,"Point Aux Chenes (""Point du Chene""), on St. Clair River, Mich."
304,"Trenton, N.J."
305,Fort Allen.
306,Shamokin.
307,Venango.
308,Forks of the Delaware.
309,Monongahela (Monongahala).
310,"Fort McIntosh, Ohio River."
311,"Stoystown, Somerset Co., Pa."
312,"Palatinate, The."
313,"White River, Ind. (""Woapikamik"")."
314,"Muncey, Thames River, Ontario."
315,"Lower Saucon Tp., Northampton Co., Pa."
316,"Tinkers Creek (""Dunker's Creek"") Cuyahoga Co., O."
317,"Oswego, N.Y. Gegoraphic Names."
318,Point de Plea.
319,"Susquehanna River, Pa."
320,"Natowesibi (Natewssibi), Chippewa name for Huron River (Petquotting), O."
321,Stillwater Creek.
322,"Mesheppen (""Meshopping"") Creek, Wyoming Co., Pa."
323,Fort Hamilton.
324,"Fort Plain, N.Y."
325,"Lemachtschesink, al. Mississinnawa, tributary of Wabash River, Ind."
326,Tionionwaquagarõnto.
327,"Fort Malden, Ontario."
328,"Oswego, Oswego Co., N.Y. Gegoraphic Names."
329,"Lower Sandusky (Fremont), O."
330,"Schuylkill River, Pa."
331,Sally Hand.
332,"Swatara Creek, Dauphin Co., Pa."
333,Illinois River.
334,"Province Island, Philadelphia."
335,Ohio (Allegheny) River and area.
336,"Wyoming, (Wajomick), Luzerne Co., Pa."
337,Stone River (Achsin).
338,Langundo-Utenunk.
339,"Princeton, N.J. (""Prinstown"")."
340,Upper Canada.
341,"Schoharie (""Schocharie"") N.Y."
342,"Maumee Point, Mich., place on north side of Maumee Bay."
343,Petquotting River.
344,"Great Island, West Branch Susquehanna, below Lock Haven, Pa."
345,"Wooster, Wayne Co., O."
346,Sharon.
347,"Wyandot Lower Town, Sandusky River, O."
348,Sakunk.
349,Schechschiquanunk.
350,Allegheny Mountains.
351,"Wabash River, Ind. (""Wobash, Wapaasch, Wabbassch"")."
352,"Fish Kill, N.Y."
353,"Kent, Litchfield Co., Conn."
354,Munsee Town.
355,"Little Lehigh Creek, Lehigh Co., Pa."
356,"Fort Adams (al. Ft. St. Marys), Mercer Co., O."
357,Cape of Good Hope.
358,"Hocking River, tribut. of Ohio River."
359,"Canoos (Oil Creek), N.Y."
360,"Mifflin Co., Pa."
361,"Weapikamik, White River."
362,"Blue Mountains, Franklin Co., Pa."
363,"Johnson's Harbor, (prob. Kuckville, N.Y.)."
364,Kaskaskunk.
365,Mahony.
366,"Westliberty, Ohio Co., W.Va."
367,"Wanachquaticok, Westenhuc, Berkshire Co., Mass, (""Wannachquattagóck, Wannachgoattegóck, Wonachquaticok, etc."")."
368,"Hurley, Ulster Co., N.Y."
369,"Charleston, Charlestown, al. Buffalo, Wellsburgs, Brooke Co., W.Va."
370,"Harsen's Island, Mich., mouth of St. Clair River."
371,"Lancaster, Pa., Moravian place."
372,Zeninge.
373,"Wheeling (""Wiluck""), W.Va."
374,New Philadelphia.
375,"New York, N.Y."
376,"Oswego, N.Y."
377,Ohio River.
378,"Tulpenocken, Berks Co., Pa."
379,"Astrachan, Russia"
380,New Salem.
381,"Kaunaumeek, Nassau Township, Columbia Co., N.Y. (""Kenumeck,"" ""Cenemek"")."
382,"Juniata Crossings, Bedford Co., Pa."
383,"Forks of the Delaware, Northampton Co., Pa."
384,"Pamballineke Creek (poss. Meigs Creek), Morgan Co., O."
385,"White Woman's Creek, O. (""Walbonding River"")."
386,"Salem, Muskingum River, O."
387,Horn River (Eskenne).
388,"Nottingham, Lancaster Co., Pa."
389,Tschoniata River.
390,"Surinam, South America."
391,"Kingston, N.Y, (Esopa"", ""Sopus"")."
392,Marietta.
393,Georgia.
394,"Oquaga, Ouaquaga, Broom Co., N.Y."
395,"Catskill Mountains, N.Y."
396,"Elizabeth Point, N.J."
397,Pipe's Town.
398,"Sandusky Plains, O."
399,"Wachau, Moravian property in N.C. (Wachovia)."
400,"Malden, Ontario."
401,Province Island.
402,Schechschequanunk.
403,"Massassung, Wyalusing Township, Bradford Co., Pa."
404,Great Beaver Creek.
405,"Allegheny (Allegena, Allegene), River and Territory, also used for Ohio Territory."
406,"Maumee River, O."
407,North Carolina.
408,"Tunkhannock, Pa."
409,"Tenkhannik (al. ""Tenkhanneck)."
410,"Wachovia, N.C. (""Wachau"")."
411,"Spitzborg, Carbon Co., Pa."
412,Long Island Sound.
413,"Wachovia (""Wachau""), N.C."
414,"West Dever Township, Ontario."
415,"Lititz, Pa., Moravian Center."
416,Wintering Place.
417,East Jersey.
418,"Sinking Spring, Berks Co., Pa."
419,"Brodhead (""Broadhead"") near Dansbury, Monroe Co., Pa."
420,"Upper Canada, Ontario."
421,"White River, (al. White Clay River, Woapicamikunk), Ind."
422,Lititz.
423,"Assunnunk (""Assenunk, Aszennunk, Achsunnunk) on Hocking River, O."
424,"Kaskaskunk, Pa."
425,"Cedar Point, Ottawa Co., O."
426,Allegheny
427,"Oxford Township, Ontario."
428,"Painted Post, Steuben Co., N.Y."
429,Point Aux Chenes.
430,"Hagerstown, Md."
431,"Province Island, Pa."
432,"Anahochquaga (Anahochquage, Annochouaja) on Susquehanna River."
433,Tioga.
434,"Schenechtady, N.Y."
435,"Mahoning Creek, Pa."
436,"York (Toronto), Ontario."
437,Sandusky Bay.
438,"Wind Falls, Ontario."
439,Race Hill.
440,"Wyoming (al. ""Wyomack, Wajomick, Yomack"", etc.) Luzerne Co., Pa."
441,"Vincennes, Ind."
442,"Meschascungk, (Meschaschcung, Mesaskung, M'schaschcung, M'saschkung, Mesachkung) on Susquehanna River, Pa."
443,"Kui-lu-ta-men, (Delaware), ""Place of surprise""."
444,"Ronneburg, Germany."
445,"Onondaga, Iroquois capital, Syracuse, N.Y."
446,"Big Stones Creek, presum. Toussaint River, O."
447,"Danbury, Conn."
448,Lake St. Clair.
449,"Jackson's Tavern, place between Goshen and Kingston, N.Y."
450,"Salisbury, Conn."
451,Fort Kanawha.
452,"Fort Schuyler (""Skulker"")."
453,"Ti-a-o-ga (Mohawk), ""the forks""."
454,"Gawunschiechgunk, St. Marys River."
455,"Canterbury, England."
456,South Sea Islands.
457,"Quechquetank (Wechquetenk), Monroe Co., Pa."
458,Carolina.
459,"Vera Cruz (""La Vera Cruz"") Mexico."
460,"Lake Erie (""Lake, Lack, Lac"")."
461,"Stromness, Island near mouth of St. Clair River."
462,"Hunt's Ferry, Falls, Wyoming Co., Pa."
463,"Massch-piuk (Del.), ""Wonderful Water""."
464,"Miami River, O."
465,"Fort Stanwix, orig. name of Fort Schuyler."
466,Fort Malden.
467,"Montmirail, Switzerland."
468,"Rhinebeck (""Reinbeck""), Dutchess Co., N.Y."
469,"Jack Creek, possibly Youghidgheny River, Pa."
470,"Maumee (""Miami"") Bay, al. Tawa Bay."
471,Africa.
472,"Swatara Creek, Schuylkill Co., Pa."
473,Tuscarawas River.
474,"Stissing Mountain, Dutchess Co., N.Y. (""Stissick"")."
475,"Hartford, Conn."
476,"Miami River (""Great Niami""), O."
477,"Yorktown (presum. York, Pa.)."
478,"Temaitasunk, O."
479,"Pennsbury Manor (""Pennsbury""), Bucks Co., Pa."
480,"River Rouge (""Reuche""), Mich."
481,"Upper Sandusky, Wyandot Co., O."
482,Neu Tupeeking.
483,"Heidelberg, Pa."
484,"New Purchase, Pa."
485,"Trenton, N.J. (""Trentown"")."
486,"Jahannis Ruh, Carbon or Luzerne Co., Pa."
487,"One Leg Creek (Gotgatsin), Tuscarawas and Carroll Co., O."
488,Lake Erie.
489,"Tawa Bay, name for Maumee Bay."
490,"Unami, Great."
491,"Green Co., Pa."
492,"Hamilton (Fort Hamilton), Butler Co., O."
493,"Milford, Conn."
494,"Wolf Mountain, Monroe Co., Pa."
495,"Gnadenthal, modern Gracedale, Nazareth, Pa."
496,"Bedford, Mass."
497,"Manheim, Lancaster Co., Pa."
498,"Wulamanink, ""Paint River"", Vermilion River, O."
499,"Vincennes, Ind. (""Ft. Vincent"")."
500,"Bethlehem, Palestine."
501,"Geisterborg (Demons Hill), Otsinachson, Union Co., Pa."
502,"Frenchtown, Pa."
503,Greenland.
504,"Tenkhannek, Tenkkanneck, Tengkannek, place on Susquehanna, Pa."
505,"Elizabeth, N.J., (""Elizabeth Point"")."
506,"Saginaw, Mich."
507,New Niagara.
508,"Wilkes-Barre, Pa."
509,Cunameg.
510,"Fort McIntosh, Ohio River at Beaver Creak."
511,"Herrnbaag, Germany."
512,"Thames River, Ontario."
513,"Cranberry, N.J. (al. ""Crambarry, Cramburry, etc."")."
514,Niagara.
515,"Tuscarawas (""Tuscarawi""), Stark Co., O."
516,Eps.
517,"Detroit, Mich., City and Fort."
518,"Blanched's Forks, Hancock Co., O."
519,"Opest, Au Poste du Ouabeche Vincennes, Ind."
520,"Humber River, Ontario."
521,"Fort Miami, Maumee River rapids, Weed Co., O."
522,"Raisin River, Mich."
523,Michillimakinac.
524,"Skipra[?], Montgomery Co., Pa."
525,"Bound Brook (""Bambrug""), Somerset Co., N.J."
526,"Tioga (Tiaogu, Diaugu, Diaoju) site of present Athens, Bradford Co., Pa. Geographic Names."
527,"Makkinak (Mackinaw City, Mich.)."
528,Eskenne (Hern) River.
529,"White River, Ind."
530,"Shecomeco, Dutchess Co., N.Y."
531,"Frederickstown, (""Friedrickstown""), Montgomery Co., Pa."
532,Tioginossongochto.
533,"Huron Straits (""Straights""), Ontario, near mouth of St. Clair River."
534,"Huron River, O."
535,Beersheba
536,"Hallobank, (Hallabank, Hallapank, Phallobank, Phallapank), Cayuga Town north of Wyalusing."
537,"Zanesville, O."
538,"New Fairfield, Conn."
539,"Pacific Ocean (""the Great South Sea"")."
540,Chenessie River.
541,"Salt Spring (Salineville, O.?)."
542,"Wood Creek, Oneida Co., N.Y."
543,"North Branch, N.Y."
544,"Nescopeck, Pa."
545,"Fulneck (Fulnec), England."
546,"Mittesagi, also Warpoles, Ontario."
547,"Stockbridge, Berkshire Co., Mass."
548,"Lancaster, Mass.?, Pa.?."
549,"Cushietunk, near Milenville, Wayne Co., Pa. (""Geschiachton"", ""Gechachton"")."
550,"Chippewa Town, Ontario."
551,"Huron River, O (Petquotting)."
552,Puchcapuch (Puchkapuchka).
553,Lake Ontario (Dundas).
554,"Quelutumen, place on Susquehanna River, Pa."
555,"Derby, New Haven Co., Conn."
556,"Nenachquejank, Bay on Lake St. Clair, Ontario."
557,Onondaga.
558,"Killbuck Creek, O."
559,"Staten Island, N.Y."
560,"Washington, Washington Co., Pa."
561,Monongahela River.
562,"Germantown, Pa."
563,"Achquittehannink (also Echquitehanek) River, O."
564,Pemidhannek.
565,"Fort Schlosser, Niagara Co., N.Y."
566,"Sakunk, on Big Beaver Creek, Pa."
567,White Clay River.
568,"Ysselstein, Holland."
569,"Pachqueick, near Pachgatgoch, Conn."
570,Woapikamik.
571,"Woapicamikunk, al. White Clay River, White River, Ind."
572,"Fort Erie, Ontario."
573,Eva Creek.
574,"Kentucky (""Kentuke, Kentuk"")."
575,"Scioto River, O."
576,Canatschochari.
577,"Damascus, place on Allegheny River, 8 miles from Goschgoschunk."
578,"Rhinebeck, N.Y."
579,Kaschkaskung.
580,"Moscow, Russia."
581,"New London, Conn."
582,"Westenhuc (Westenhuck, Westenhook) Moravian mission place in Massachusetts."
583,"New Fairfield, Fairfield Co., Conn."
584,Great Miami River.
585,"Wihilusing (Friedeshutten), Wyalusing, Pa."
586,"Tawa River (""Miami of the Lake""), Maumee River, O."
587,"Mahony River (Mahoning), Carbon Co., Pa."
588,"Patotiqueja (Patotiquejaak) River, Ontario (prob. North Sydenham River)."
589,"Anajot, Tuscarora Co., N.Y., Oneida capital."
590,"Dutchess County, N.Y."
591,Mahong.
592,Shommunk.
593,"Mohawk town, Brand's Town, Brantford, Ontario."
594,"Genesee River (""Chennessee"")."
595,Checomeco.
596,"Oxford, Ontario."
597,"Scha-mung (Del.), ""horn""."
598,"Oley, Berks Co., Pa."
599,"Pilgermouth, Pa."
600,"Wechquatnach, Mission place, Conn."
601,"Reading, Pa."
602,"Moch-a-weam-ing (Del.), ""where water runs through large clear flats""."
603,"Wyalusing (""Wichlusing"") Creek, Bradford Co., Pa."
604,Cawunschannek.
605,Detroit River.
606,"Peeks Kill, Westchester Co., N.Y. (""Bikskill"")."
607,Hudson River.
608,"Oakorchard Harbor, N.Y."
609,"Redstone, prob. Rays Town, now Bedford, Pa."
610,"Fort Niagara, near Youngstown, Niagara Co., N.Y."
611,Westenhuc.
612,Niagara Hill.
613,"Pommern, Swedish, Germany."
614,"Hannastown, Pa."
615,"Bedford, England"
616,Massachusetts.
617,"Red Hook, Dutchess Co., N.Y."
618,Germany.
619,"Tuscarawas (""Tuscarawi"") Town, O."
620,"Little Miami River, O."
621,"Menissing, Lacawanna Co., Pa."
622,Michilimakinac.
623,"Gnadensee, Indian Pond, Wechquatnach Lake, Litchfield, Co., Conn."
624,Huron Point.
625,"Rocky Point, O."
626,"Rocky Point, Ottawa Co., O."
627,"Greenland, later called Hope, N.J."
628,"Ulator Co., Pa."
629,East Indies.
630,"Saucen (Saucena, Sacena), Lehigh Co., Pa."
631,"Sikhewunk, place on Muskingum River, O."
632,"Kittatinny Hills (Blue Mountains), Pa."
633,Lake Michigan.
634,"Westmoreland Co., Pa."
635,Achquittehannink.
636,"Somerset, Perry Co., O."
637,"Awassantachque, Awossantagque, Awossanttaque"
638,"Kingston N.Y. (""Esopus"")."
639,"Carleton Island, Lake Ontario."
640,Feuerlein.
641,"Lehigh Watergap, Pa."
642,"Long Swamp, Berks Co., Pa."
643,"Hessen-Kassel, Germany."
644,"Belle River, Western Ontario"
645,"Teockhansoutehan, (a French town)."
646,"Harrisburg, Pa."
647,"Cuyahoga (""Cayahaga""), O."
648,"Freehold, Greens Co., N.Y."
649,"Eva Creek (Shamokin), Augusta Tp., Northumberland Co., Pa."
650,Kanawha River.
651,"Grosse Isle, Mich., Detroit River."
652,Gekelemukpechunk Creek.
653,"Rocky Point, presum. Scott Point, Ottawa Co., O."
654,"Blue Mountains, Pa."
655,Wajomick.
656,Cherokee River.
657,"Chotusitz, Bohemia."
658,Tenkhannek.
659,"Almenisepunk, Vermilion Creek, O."
660,"Bavianskleof, Cape Colony"
661,"Potatik, Conn."
662,Forty Mile Creek.
663,"Ostonwakin, Pa. Gegoraphic Names."
664,"Schoneck, Pa."
665,"Paint River, Wulamanink."
666,Pentahametachquanunk.
667,"Shekomeko, Dutchess Co., N.Y."
668,"Rhine River, Germany."
669,"Greenwich, Washington Co., N.Y."
670,"Dover, N.Y."
671,Wihilusing.
672,"Chestnut Ridge, Westmoreland Co., Pa."
673,"Pickaway Plains, Pickaway Co., O."
674,Little Lake.
675,"Wyalusing Island, Bradford Co., Pa."
676,Goschgoschunk.
677,"Nain, Bethlehem, Pa."
678,"Juniata River, Pa., ""Tachochniato""."
679,"Beard's Tavern, place betw. Hope, N.J. and Warwick, N.Y."
680,Atlantic Ocean
681,"Geneva, Ontario Co., N.Y."
682,"Annenthal (Anna's Valley) prob. Mahantango Cr., Schuylkill Co., Pa."
683,"Presqu' Isle (""Prisqueisle""), Erie, Pa."
684,Mississippi Territory.
685,"Ohio, State."
686,"Onondaga (""Onondago"") Town, Grand River, Ontario."
687,Dansburry.
688,"Susquehanna, North Branch."
689,Garochiati.
690,Sandusky.
691,"Allentown, Pa."
692,"Hebron, Lebanon Co., Pa."
693,Woaketammeki.
694,"Munsee Town, Ontario."
695,"Danbury, Fairfield Co., Conn. (""Tenburey"")."
696,Cannitschochery.
697,"Shawnee Towns, Au Glaise River, O."
698,"Huron River, O (Petquotting River)."
699,"Tunkhannock, Wyoming Co., Pa."
700,"Weh-to-pi-jah-neek (Del.), ""Alder River""."
701,"Schonbrunn, on Muskingum River, O."
702,"Miami (Maumee) River, Ohio-Indiana."
703,St. Lawrence River.
704,"Schenectady, N.Y."
705,"Little Yellow Creek, Columbiana Co., Pa."
706,"Williamsburg, Va."
707,Petquotting Hill.
708,"Fort Harmer, mouth of Muskingum River, O."
709,"Heerandyk, Holland."
710,"Hudson River, N.Y. (""North River"")."
711,"Monocacy (""Manakosi"") River, Md."
712,Schenechten.
713,"Great Island, at mouth of Muskingum River, above Marietta, O."
714,Wechquetank.
715,"Western Sugar Creek, Stark and Tuscarawas Co., O."
716,Amboy
717,New Purchase.
718,"Ostonwakin (al. ""Otztonwakin, Otstunwachko, Oshttonwsko, etc.). Montoursville, Lycoming, Co., Pa."
719,"Vermillion River, O. (presumably)."
720,"Gnadenhutten, on Mahony Creek, Lehigh River, Pa."
721,"Wyoming, Pa."
722,Niagara Falls.
723,"Newark on Niagara River, Ontario."
724,British Dominions.
725,"Vincennes, Ind. (""Post Vincennes"")."
726,"Great Lake, Dutchess Co., N.Y."
727,"High Lands, Orange and Putnam Cos., N.Y."
728,Kaunschannek (Kawunschhannek).
729,"Allegheny Mountains, Bedford and Somerset Co., Pa."
730,Georgetown Road.
731,Lichtenau.
732,"Philadelphia, Pa."
733,"Danzig, Germany."
734,"Neusals, Germany."
735,"Kinderhook, Columbia Co., N.Y."
736,Spring Garden.
737,Jequaminische.
738,"Tuscarawi Creek, O."
739,"Chester, near Philadelphia, Pa."
740,"St. John (""Jan""), West Indies."
741,Great Creek (Lehigh River).
742,Mohawk River.
743,"Ligonier, Pa."
744,"Cleveland, O."
745,Philadelphia.
746,"Buffalo Creek, Wyoming Co., N.Y."
747,"Wyoming, Susquehanna, Pa."
748,Canhawa.
749,"Huron River (Clinton), Mich."
750,"Woapisitschankgissigabewik (Wabisìtschangìasigabawit), (Swan standing on the tips of his toes), Ontario."
751,"Kinhanschican, Mingo Town in Ohio."
752,"Wulunk (Wheeling, W.Va.)."
753,"Hope (Hoop), Surinam."
754,"Bay of Quinte, Lake Ontario"
755,"Southbury, New Haven Co., Conn."
756,"Copenhagen, Denmark."
757,"New Lancaster, Lancaster, Fairfield Co., O."
758,Machilusing.
759,"Fort Ontario, Oswego, N.Y."
760,"Hudson, Summit Co., O."
761,"Yellow Creek, Jefferson Co., O."
762,"Vienna, Austria."
763,"St. Marys, O."
764,"Nain, Labrador."
765,"Stone Creek (prob. Rocky River, O.)."
766,"Wachovia, N.C."
767,"White Eye's Town, Coshecton Co., O."
768,"Shippensburg, also Shippenstown, Cumberland Co., Pa."
769,"Bucks Co., Pa."
770,"Fort Wabash (Vincennes, Ind.)."
771,"Miami River (""Great Miami""), O."
772,"Hickory Tavern, N.J."
773,"Kondal, prob. Tuscarawas Co., O."
774,Kentucky.
775,Sikhewunk.
776,"Greentown, al. Armstrong's Town, Penexit's Town, Sambesink, near Mansfield, O."
777,"Tschiaque Creek, East of Cuyahoga River, O."
778,Mississippi River.
779,"Big Stillwater Creek, Tuscarawas Co., O."
780,"Newtown, Conn."
781,New Orleans.
782,"Sarepta, on Volga River, Russia."
783,"West Alexander (""Alexandria""), Washington Co., Pa."
784,Tschitschiquanunk (Schechschequanunk).
785,"Lechawachnek (Lechawachneck, Lechawachnick, Lechawaneck), Lackawanna, Pa."
786,"South Liberty, foot of Laurel Hill, Pa."
787,"Gnadenhuegel, part of Gnadenhutten settlement."
788,"Tsche-ne-sche-e (Seneca), ""a fine valley""."
789,Petquotting River (Huron River).
790,"Montreal, Quebec."
791,Beaver Creek
792,Tschehantowsh.
793,"Liegnitz, principality, Germany."
794,"Cawnschannek (Cawunschhannek, Cawinschhannek, Kawunsohhannek), place on Allegheny River."
795,"Rowlya Creek, Litchfield Co., Conn."
796,"Shenenge, Beaver River, Lawrence Co., Pa."
797,"Colchester, New London Co., Conn."
798,"Zeisberger Island, Muskingum River, O."
799,"Lovalhanning, Westmoreland Co., Pa."
800,"Jacob's Heights (Jacobshuh), Lower Augusta Tp., Northumberland Co., Pa."
801,"Deer Creek, Pickaway Co., O."
802,"Newcomerstown, O., see Gekelemukpechunk."
803,West Indies.
804,DeTrenche.
805,New York State.
806,"Oil Creek (Cances), Venango Co., Pa."
807,"Tulpehocken (al. ""Tulpehockin"") Berks Co., Pa."
808,"""Second"" Great Creek."
809,"Lackawanna River, Pa."
810,"Pittsburg, Pa. (""Fort Pitt"")."
811,"Tuscarawas Co., O."
812,Tschimitagan.
813,Pinery.
814,"Bethanion, N.C."
815,"Nescopeck, Luzerne Co., Pa. (al. ""Neskopeke, Neskopeko, Nessgabeke, Neeskipecky Neschopega, etc.)."
816,Great Shawnee Town.
817,Pennsylvania.
818,Saxony.
819,"Chambers' Mill, Fishing Creek, Dauphin Co., Pa."
820,"Minisink, Upper Delaware River, Pa."
821,Connecticut.
822,England.
823,"Point Pleasant, Hasen Co., W.Va."
824,"Davall Academy, England."
825,Wabicamigunk.
826,"Litchfield, Conn."
827,"Gigeijunk, town at the Forks of Miami (Maumee) River, Fort Wayne, Ind."
828,"Kitigan, Ontario."
829,"Salisbury, Somerset Co., Pa."
830,"New Brunswick, N.J."
831,"Fort Wayne, Ind."
832,Saddle.
833,"Mombaccus (""Monbacos""), Rochester Tp., Ulster Co., N.Y."
834,"Black River, O. (presumably)."
835,"Lahalawoaskute, Sipung Creek."
836,"Steuben Co., N.Y."
837,"Newtown, Fairfield Co., Conn."
838,Hudson Bay.
839,Achsunnissunk.
840,"Satked, Litchfield Co., Conn."
841,"Oswego River, N.Y. Gegoraphic Names."
842,"Raisin (""Rissin"") River, Mich."
843,Woachejeek Utoenink.
844,"Braunschweig, Brunschwig."
845,"Schkipoakanink, place on Schneyecarty, Ontario."
846,Tripoli.
847,"Stony Point, Monroe Co., Mich."
848,"Catskill, Greene, Co., N.Y."
849,New Stockbridge.
850,"Mohanatony, Pa. (""Mohanatoney"")."
851,"Wequetank Creek, Monroe Co., Pa."
852,"Mahony, place on Beaver Creek, Lawrence Co., Pa."
853,"Langundo-Utenunk (Langunto-Utenunk) ""Friedenstadt""."
854,Pemakxit's Town.
855,"Oneida Lake, N.Y."
856,"Leh-oha-wa-hen-neek (Del.), ""the Forks""."
857,"Menissing, Pike Co., Pa."
858,"Sneicaerty, Sneicardy, Snycardy, Schnei Kaerty, Schneyecarty, Schney e carty."
859,"Long Island, N.Y."
860,"Fannetsburg, Franklin Co., Pa."
861,"King's Bridge, Harlem River, N.Y.C."
862,Gnadenhutten.
863,Rockills Mill.
864,"Put in Bay (""Pudding Bay""), Lake Eire, O. Georgraphic Names."
865,"Chippewa Creek, near Niagara."
866,"Canaan, Litchfield Co., Conn."
867,"Woaketammeki (Wackatomake, W[?]) Muskingum Co., O., near Dresden."
868,Allegheny River
869,"Charleston, Brooke Co., W.Va."
870,"Sheffield, Berkshire Co., Mass."
871,"Sakechnak Creek, Carbon Co., Pa."
872,"Old Chillicothe, Pickaway Co., O."
873,Virginia.
874,Saltlick.
875,"Woapimintshi (Chestnut tree), White River, Ind."
876,Brownstown.
877,Ginhanschicanunk.
878,"Salmons Creek, Lake Ontario, between Genessie River and Sodus Point, N.Y."
879,"Dartmouth College, Hanover, N.H."
880,"Nazareth, Pa."
881,"Sandusky, O."
882,"Wooster, O."
883,"Wabash River (""Wobash""), Ind."
884,"Huron Point, mouth of Huron (Clinton) River, Mich."
885,"""Plains""."
886,Shippenstown.
887,"Partners, Second Nine."
888,"Kanawha River, W.Va."
889,"Chester Co., Pa."
890,"South Huron Strait (""Straight"")."
891,Miami (Maumee) Bay.
892,Nescopeck.
893,Wapwallopen.
894,Phallobank (Phallapank).
895,"Woodbury, Litchfield Co., Conn."
896,"Poughkeepsie, Dutchess Co., N.Y."
897,"Shamokin Island, Northumberland Co., Pa."
898,"Rocky Point, prob. Scott Point, Ottawa Co., O., 16 miles from Sandusky."
899,"Washington Road, Washington and Beaver Co., Pa."
900,"Fort Allen, Allentown, Pa."
901,"Salem, North Carolina Moravian center."
902,"Wanachquaticok, Westenhuc, Berkshire Co., Mass."
903,Wechpakak.
904,"Stony Creek, Logan Co., O."
905,"Onengo (Venango) Creek and surrounding area (French Creek), Venango Co., Pa."
906,Fredrickstown.
907,"Shomokin, Pa."
908,"Little Nine Partners Tract, Dutchess Co., N.Y."
909,"Michillimakinac, Mich."
910,"Beaver, Pa."
911,"Boomerstown, Guernsey Co., O."
912,Detroit River Island.
913,"Croton River (""Groodens Revier"")."
914,"Mohawk River, N.Y."
915,Retrenche (Thames) River.
916,"Chambers' Ferry, crossing point of the Susquehanna below Harrisburg."
917,"Elisabeth Point, N.J."
918,"Zanesville, Licking, Muskingum Co, O."
919,"Stone Creek, Tuscarawas Co., O."
920,Sandusky River.
921,Ohio River and area.
922,"Juniata River, Pa."
923,"Luzerne Co., Pa."
924,"Saginaw (""Sackina"", ""Sakina""), Mich."
925,Virgin Islands (Danish West Indian Islands).
926,Little Beaver Creek.
927,"Oneida, N.Y."
928,"Wapwallopen, Hollenback Tp., Luzerne Co., Pa. (al. ""Wambhallobank, Womphallepang, Waabhallobank, Waquallopank,"" etc.)."
929,Zanesville.
930,"""Rapide"", prob. on Jongquakamik River, Ontario."
931,"Middletown, Pa. (""Middle Town"")."
932,"Balings Kill, prob. Carbon Co., Pa."
933,"Nanticoke Town, Luzerne Co., Pa."
934,"Zoneschio, N.Y."
935,"Rush Creek, Fairfield Co., O."
936,"Carolina, Colony."
937,Cuyahoga.
938,"Dungannon, Ontario."
939,"Pachgatgoch (""Pachgatgoko""), Moravian mission place, Conn."
940,"Achain, Stone River, O."
941,"Georgetown, Dist. of Columbia."
942,"Zoneschio, Zonesschio."
943,"Stockbridge (""Old""), Mass."
944,"Pemidhannek, Delaware name of Genessee (""Zoneschio"") River, N.Y."
945,"Minnissing, Minissink."
946,"Berks (""Berkshire"") Co., Pa."
947,"Quenischachchachqueh, Susquehanna, West Branch, Lycoming Co., Pa."
948,Redstone.
949,"Gekelemukpechunk (""Kekelemukpeachunk, Kikeelmukpechunk"") Delaware Center, Newcomerstown, O."
950,"Lancaster, Pa."
951,"Susquehanna, River and area, Pa."
952,"Little Beaver Creek, O."
953,"Tuscarawi (""Tuscorawas"") now Bolivar, O."
954,Delaware River Valley.
955,Fort Pitt.
956,"New Lisbon, Lisbon, Columbiana Co., O."
957,"Tioga (al. ""Tiaogu, Diaogu""), mod. Athens, Bradford Co., Pa."
958,"Perth Amboy, N.J."
959,"Munsee Town (""Muntzy"")."
960,"Presqu'isle, Erie, Pa."
961,"South Beaver, Beaver Co., Pa."
962,"Youngstown, O."
963,"Garochiati, Seneca town on Pemidhannek Creek, N.Y."
964,"Genesee, N.Y."
965,Onengo (Venango).
966,Meschascungk.
967,"Clinton River, Mich."
968,"Gnadenthal, near Nazareth, Pa."
969,"Grand River, Ontario."
970,"Allen Township, Northampton Co., Pa."
971,"Mackinaw City, Mich. (""Makina"")."
972,Wilawana.
973,"Passekachkungk (Passikachkunk), place on Canisteo River, N.Y."
974,"Mahoning Creek (""Mahony""), Ohio between Ravenna and Canfield."
975,"Black River, O."
976,"Tuscarawas River (""Tuscarabi"", Delaware, ""Tuscalabi"") standing for Muskingum, O."
977,"Tawa Town, location of Toledo, O."
978,"Pittsburgh, Pa."
979,"Franckfurth (Frankford), Philadelphia Co., Pa."
980,"Shammunk, Shommunk."
981,"Beaver Creek, Little"
982,"Rays Hill, Bedford Co., Pa. (Race Hill)."
983,"Friedenshutten, on Susquehanna, Wyalusing, Pa."
984,"Fort Kanawha (""Canhawa"")."
985,"Seneca Territory, N.Y."
986,France.
987,Scotland.
988,"Bath, Steuben Co., N.Y."
989,"Tioga, Pa. (""Tiaogu, Diaogu"")."
990,"Canandagua, Ontario Co., N.Y."
991,"Camden, Ontario."
992,Old Mexico.
993,"Sussex Co., N.J."
994,"Tunkhanneck, Monroe Co., Pa."
995,"Swego, Mingue Town on Grand River, Ontario."
996,West River.
997,Malden. Ontario.
998,"Fighting Island, below Detroit."
999,"Genesee River (""Tscheneshee""), N.Y."
1000,"Windsor, England."
1001,"Wolf Creek, Morgan Co., O."
1002,"Fort Herkemen, Herkimer, N.Y."
1003,Tioga River or Creek.
1004,"Potomac River (""Patomick"")."
1005,"Cunningham Island, prob. Pelee Island, Ontario."
1006,Gulf of Lawrence.
1007,South America.
1008,"Tavandemung, Tauwundamunk."
1009,"Pittsburgh, Pa. (""Fort Pitt"")."
1010,"Fort Oswego, N.Y."
1011,"Cayuga (""Kajugu"") Town, Grand River, Ontario."
1012,"Morristown, Belmont Co., O."
1013,"Oneida, town east of Oneida Lake, N.Y."
1014,"Acapulco, Mexico."
1015,Spanish Colonies.
1016,"Lower Cayuga (""Kajugu"") Town, Grand River, Ontario."
1017,"Lehigh River, Pa."
1018,"Fulneck, England."
1019,"Burlington, Ontario."
1020,"Quitahannek Creek, Richland or Ashland Co., O."
1021,"Bremen, Germany."
1022,"Walhanding Creek, O."
1023,"Licking, Muskingum Co., O. (""Zanesville"")."
1024,Whitewater River.
1025,"Glades Road, Pa."
1026,"Bethel, Berks Co., Pa."
1027,Fort Laurens.
1028,Miskanika.
1029,"Tiaogu, Pa."
1030,"Guernsey Co., O."
1031,"Duncan's Falls, Muskingum Co., O."
1032,New England.
1033,"Wachovia (""Wachua""), N.C."
1034,"Tenk-han-neck (Del.), ""Small River""."
1035,Muskingum River.
1036,"Gracehill, Ireland."
1037,"St. John, West Indies."
1038,"Tioga, Pa."
1039,"Fort Hunter, N.Y."
1040,Cuyahoga Old Town.
1041,"Mohawk village, ""Brandt's Town"" near Brantford, Ontario."
1042,"Silesia, Germany."
1043,"Ephrata, Pa."
1044,"Mahican Lake, Ohio."
1045,"Otsinachson, above Susquehanna, West Branch. Gegoraphic Names."
1046,"Warwick, Pa."
1047,"Fort McIntosh, Beaver Co., Pa."
1048,"Delaware, Thames River, Ontario."
1049,Zoneschio River.
1050,"Tioga Point, site of Athens, Bradford Co., Pa."
1051,"Gekelemukpechunk, Kakelamukpechung, Kekelamukpechen, Kekaelemapaechunk, Kek ke la muk paechung, Newcomerstown, O."
1052,"Schenectady, N.Y. (""Schenechten"")."
1053,Forks of the Road.
1054,"Saratoga, N.Y."
1055,Chestnut Hill.
1056,"Cornwall, Litchfield Co., Conn."
1057,"Westenhuc, Mass."
1058,"Mingee Town, Sandusky River."
1059,"Delaware River, Water Gap."
1060,Quenischachachgeek.
1061,"Mahoning Creek, Pa (""Mahony"")."
1062,"Kittannuk, Kittanning, Pa."
1063,"Wolf Mountain, Pocono Mts."
1064,Mochwesung.
1065,Blue Mountains.
1066,"Greensburg, Westmoreland Co., Pa."
1067,"Washington County, O."
1068,"New Orleans, Louisiana."
1069,"Petquattunk (""Pettquotting""), Huron River, O."
1070,"Musconetcong, (""Miskanika""), River and Mountain, N.J."
1071,"Gnadenhutten, Mahony, (""Old Gnadenhutten"")."
1072,Wyalusing (Wihilusing).
1073,"Wehtak, Salisbury, Litchfield Co., Conn."
1074,"Wanachquaticok, Mass."
1075,"Northampton Co., Pa."
1076,"Lancaster, Fairfield Co., O."
1077,"Oblong, New York-Connecticut."
1078,"Mahony (Mahoni), Pa."
1079,"Hope, N.C."
1080,"Sikhewunk, Chandlersville, Salt Creek Tp., Muskingum Co., O."
1081,"Esopus, N.Y."
1082,"Swatara Creek and Valley, Pa."
1083,Missouri River.
1084,Silesia.
1085,Anohochquage
1086,"White Stone, probably Long Island, N.Y."
1087,Northampton Co.
1088,Honeywint.
1089,"Ravenna, O."
1090,"Granville, Licking Co., O."
1091,"Sichem, Dutchess Co., N.Y."
1092,Old Sandusky Town.
1093,"Christian Spring, Pa."
1094,"Saltlick, not far from Goshen."
1095,"Cambridge, Guernsey Co., O."
1096,"Mahican Town, St. Marys River, near Heckford, Mercer Co., O."
1097,Vredens Huia.
1098,"Susquehanna, West Branch."
1099,"Greenville, Darke Co., O."
1100,"Warwick, Chester Co., Pa."
1101,"Anokran, place between Shekomeko and Wehtak"
1102,"Warwick, (""Warrick""), N.Y."
1103,Gekelemukpechunk.
1104,"Maumee (often called Miami) River, O."
1105,"St. John (Jan), West Indies."
1106,Sichel's Tavern.
1107,"Woodbury, Conn."
1108,"Miami (Maumee) Towns, Ind."
1109,"Sikhewo (Sikhewunk), place on Beaver Creek, above Kaskaskunk, Pa."
1110,"Petquotting Creek (Huron River), O."
1111,"Tonawanda (""Taniwandi"") Town and Creek, Genesee Co., N.Y."
1112,"Long Island, Lycoming Co., Pa."
1113,Shawnee Towns.
1114,"Wabash River, Ind."
1115,Shenango.
1116,Moden Creek.
1117,Tulpehocken.
1118,"Thuernstein, Pa."
1119,Lake Ontario.
1120,"North Bend, Hamilton Co., O."
1121,York Co.
1122,"Munsee Town, Thames River, Ontario."
1123,"Wisauchsican, place between the Muskingum and Ohio River."
1124,"Galloway's Island, Delaware River, Pa."
1125,Illinois.
1126,"Goschachgunk (""Goschaching""), Coshocton, O."
1127,"Gnadenfroi, Germany."
1128,"Fort Defiance, Defiance Co., Maumee River, O."
1129,"Allegheny (""Allgene, Algene"") Ohio River and its territory."
1130,"Fish-Kill, Dutchess Co., N.Y."
1131,"Limestone, Maysville, Mason Co., Ky."
1132,"Florida, N.Y."
1133,Gachnawage.
1134,Cayahaga.
1135,"Stroudsburg, Pa. (al. ""Dansbury, Danesberg"")."
1136,Melelagamogak.
1137,"Allemaengel, Lynn Tp., Lehigh Co., Pa."
1138,"Sakunk (""Gakung""), place at confluence of the Beaver River with the Ohio, Pa."
1139,Austria
1140,Delaware River.
1141,"Hanover, York Co., Pa."
1142,Women's Town.
1143,New Connecticut.
1144,"New Lisbon, O."
1145,Leh-cha-wi-tank (Delaware).
1146,"Langundo-Utenunk, Beaver River, Lawrence Co., Pa., Friedenstadt."
1147,Canada.
1148,Kekelemukpechunk.
1149,"Esopus, Sopus, N.Y."
1150,"Sharon, Conn."
1151,"Brownstown, mouth of Huron River below Detroit, Mich."
1152,"Hope, N.J."
1153,"Industry, O., place on Mahony Creek."
1154,"Laurel Hill, Westmoreland and Somerset Co., Pa."
1155,"Amherstburg, Ontario"
1156,"Carlisle, Pa."
1157,Wackatemake.
1158,"Cohocten Creek, Steuben Co., N.Y."
1159,"Fort Norris, Monroe Co., Pa."
1160,Ganawacu.
1161,"Miami (Maumee) River, Ohio-Indians."
1162,Shomoko.
1163,"Esopus, Sopus, Kingston, N.Y."
1164,"Ancaster, Ontario."
1165,"Christiansbrunn (Christian Spring), place near Nazareth, Pa."
1166,"Lower Smithfield Township, Northampton Co., Pa."
1167,America
1168,Caniseraga.
1169,"New Salem, Tuscarawas Co., O."
1170,"Augusta, Bracken Co., Ky."
1171,Fort McIntosh.
1172,"Pipe Creek, Erie Co., O."
1173,"Beaver River, Creek, Great"
1174,Michigan.
1175,Quittoppehille.
1176,Ohio.
1177,"Vier Bruder (Four Brothers), place between Gnadenhutten and Nescopeck."
1178,"Petqualach, town on Upper Allegheny River, Pa."
1179,Chemung.
1180,Geneseo.
1181,"Jenky Hall, Detroit."
1182,"Gokhosing, place in Ohio."
1183,"Hutberg, hill near Herrnhut, Germany."
1184,"Kanawha (""Canhawa"") River, W.Va."
1185,"Ostonwakin Creek (al. ""Oztonwake""), Loyalsock Cr., Lycoming Co., Pa. Gegoraphic Names."
1186,"Butz Ferry, probably on Youghiegheny River, Pa."
1187,Maumee (Miami) River.
1188,"Mingo Town, Ohio River."
1189,"Yorktown, Va."
1190,Fort Laurena.
1191,Gachtochwawunk.
1192,"Barton, Ontario"
1193,"Jefferson Co., O."
1194,"Onengo River, French Creek, Pa."
1195,"River Rouge, Mich. (""River Bush"")."
1196,"Wilson's Creek, Northampton Co., Pa. (al. ""Hackientschous Cr."")."
1197,Goschachging.
1198,"Fort Wayne, Ind., al. Gigeyunk, Kikeyuak."
1199,Dartmouth College.
1200,Warte.
1201,"Munsee Town, on Thames River above Fairfield, Ontario."
1202,"Province Island, Philadelphia, Pa."
1203,"Little Schuylkill River, Pa."
1204,"Chenango, Broome Co., N.Y. (""Zeninge"")."
1205,"Steubenville, O."
1206,"Schatticock, Rensselaer Co., N.Y., (""Shattegock, Shattigok, Shattegook, Skattegock, Skatchkock"")."
1207,"Thuppeeking, Thuppeekunk, Thupaken, meaning Schonbrunn."
1208,Schonbrunn.
1209,"Vermilion Creek, al. Almenisepunk, O."
1210,"Tuscarores, place near Wyalusing."
1211,"Whitestown, site of Utica, N.Y."
1212,Rhode Island.
1213,Woapikamikunk.
1214,"Sakechnak Creek (al. ""Sankechnank, Sakekenack, Sankinghnack, Sankegenahk, Sanschanachke, etc.) Carbon Co., Pa."
1215,Batomick
1216,"Oswego Falls, N.Y. Gegoraphic Names."
1217,"Firelands, Erie and Huron Co., O."
1218,"Pittsburg, Pa."
1219,Beaver Creek (Little Beaver River)
1220,"Potatick, Fairfield Co., Conn."
1221,"Buffalo Creek, Brooke Co., W.Va."
1222,"Wechquetank, Monroe Co., Pa."
1223,Ronchey's (Runchey's) Tavern.
1224,Onengo.
1225,"Kittatinny (""Kittetani""), (al, Middle Mtn.), Franklin Co., Pa."
1226,"Washington County, Pa."
1227,Presqu' Isle.
1228,"Schatticook, N.Y."
1229,Caribbean Islands.
1230,Asscennessink
1231,"Tower Hamlets, London, England."
1232,"Brant's Town (prob. Brantford, Ontario)."
1233,"Fort Laurens, near Bolivar, O."
1234,"Pachgatgoch Hill, Litchfield Co., Conn."
1235,Deykert's Place.
1236,"Monocacy Creek, Pa."
1237,Philadelphia--Pottersfield.
1238,"Queenston (""Queenstown""), Ontario."
1239,"Great Island, Clinton Co., Pa."
1240,White River.
1241,"Woodbeck's Tavern, place about halfway between Kingston and Albany, N.Y. Geographic Names."
1242,"Philipsburg, N.J."
1243,New Jersey.
1244,"Rixdorf, Germany (""Rucksdorf"")."
1245,"Dansville (""Danville""), Livingston Co., N.Y."
1246,"Salem, Sandusky Co., O."
1247,"Upper Sandusky, O."
1248,"Canfield (""Canefield"") Mahoning Co., O."
1249,"Petquotting, Indian town."
1250,"Harrison's Ferry, Harris Ferry, Harrisburg, Pa."
1251,Schoharie.
1252,"Tawa Bay, Maumee Bay."
1253,Thames River.
1254,Hamilton's Mills.
1255,"Meniolagomeka, Mission place, Monroe Co., Pa."
1256,"Litchfield, Litchfield Co., Conn."
1257,"Mahoning Creek (""Mahoni"") Carbon Co., Pa."
1258,"London, England."
1259,"Lichtenau, on Muskingum River, O."
1260,"Cayuga (town), N.Y."
1261,"Schwego, Grand River, Ontario."
1262,"Diaugu, Diaoju."
1263,"Harris' Ferry (al. ""Harrison's Ferry""), Harrisburg, Pa."
1264,"Annaquachticok, Conn. (""Annachticok, Annacticok""), alternate name of Westenhuc"
1265,"Detroit, Mich."
1266,"Tavandemung, Tauwundamunk, place near Wyalusing."
1267,"Annapolis, Maryland."
1268,"Hope's Cove, Lake Erie."
1269,Winginund's Town.
1270,"Islington, England."
1271,Damascus.
1272,"Ohio Falls, O."
1273,Brant's Town.
1274,"Sandusky, River and town, O."
1275,"Ludwig's Ruh, Schuylkill Co., Pa."
1276,"Long Point, Ontario."
1277,"Cumberland Co., Pa."
1278,"Pickaway (town), O."
1279,"Great Lakes (""Laks"", ""Lacks"")."
1280,"Muncey, Ontario."
1281,"Wanachquatikok, Wannoquatagoch."
1282,"Stony Creek, Monroe Co., Mich."
1283,Heller's Tavern.
1284,"St. Croix (""Crux""), West Indies."
1285,"Miami River, also Unami, Great Miami River, O."
1286,"Wachovia (Wachau), N.C."
1287,"Westenhuc, Mass. (""Westenhuck, Westenhook"") al. Wanachquatikok, Wannaquatagoch."
1288,"Manor Land (""Conestoga Manor""), Manor Tp., Lancaster Co., Pa."
1289,Maryland.
1290,"Wheeling, W.Va. (""Wuhling, Wilunk"")."
1291,"Raisin River (Raisen,"" ""Reason""), Mich."
1292,"Brandt's Town, Mohawk village near Brantford, Ontario."
1293,"Neuwied, Germany."
1294,"Schoharie, N.Y. (al. ""Sgochari"")."
1295,Jongquakamik.
1296,"Fayette Co., Pa."
1297,"Tawa River, Maumee River."
1298,"Middle Mountain (al. Kittanning Mtn.) Franklin Co., Pa."
1299,"Whi-a-lu-sis (Del.), ""an old man""."
1300,Lake (Poponoming).
1301,Hallobank.
1302,"Post Vincennes (""Post Vincent"")."
1303,Potoman River.
1304,Tahiti (Otaheite).
1305,"Derby, Conn."
1306,"Munsee town, Grand River, Ontario."
1307,"Gnadenhutten, O."
1308,Chippewa.
1309,"Allegheny (al. ""Allegene, Aligena"") River, Mountains, area."
1310,"Bass Islands, Middle and South, Lake Erie"
1311,Lower Sandusky.
1312,Labrador.
1313,"Wyoming, Luzerne Co., Pa. (""Wajomik"")."
1314,"Okkak, Labrador."
1315,"Easton, Pa."
1316,Pittsburg Pa.
1317,"Warren, O."
1318,"Anahochquaga (al. ""Ann'hochguage, Anagotware"") mod. Ouaguaza, Broome Co., N.Y."
1319,"Woapikamik Sipo, White River, Ind."
1320,Miami River.
1321,"Walhanding Creek (""Wahlandunk, Walhandunk"") modern Walhonding, joining the Muskingum River at Coshocton, O."
1322,"Beaver Creek, O."
1323,"Williamsburg, N.Y., near Mt. Morris, Livingston, Co., N.Y."
1324,"Salisbury, Litchfield Co., Conn."
1325,"Nescopeck, Luzerne Co., Pa. (al. ""Neskopeke, Neskopeko, Nessgabeke, Neeskipecky Neschopega,"" etc.)."
1326,"Boundbrook, N.J. (""Baumbrook"")."
1327,"New Jersey (al. ""East Jersey, the Jerseys"")."
1328,"Swan River, Wabisisipi, vicinity of St. Clair River, Mich."
1329,"Northumberland, Pa."
1330,Goschgosching.
1331,Jongquakamik River.
1332,"Freehold, Monmouth Co., N.J."
1333,"St. Marys, Au Glaize Co., O."
1334,"Jongquakamik River, Ontario."
1335,Walhanding.
1336,Gigeyunk (Fort Wayne).
1337,"Somerset, Somerset Co., Pa."
1338,Lakes Erie and Ontario.
1339,"Mochwesung (""Mochwessung""), Munsee town on Muskingum River, O."
1340,"Canton, O."
1341,"Buffalo, N.Y."
1342,"Great Miami, O."
1343,"Newtown (""Newton""), site of Elmira, N.Y."
1344,"Chenaille ecarte (Sneicaorty, Sneycardy, Schenyacarty), correctly Chenal ecarte River and area in Western Ontario."
1345,Wyandot Towns.
1346,"Ke-kek-ton, (Mohawk) ""long timber""."
1347,"Dundas, Ontario."
1348,"Sichem, Dutchess Co., N.Y. (""Oblong"")."
1349,"Gallipolis, O (""Galliopolis""), Gallis Co."
1350,"Zeninge, Upper Susquehanna (Shenango, Chenango) near Binghamton, Broome Co., N.Y."
1351,"Esopus, Kingston, N.Y."
1352,"Marbletown, Ulster Co., N.Y."
1353,Pacific Islands.
1354,Surinam.
1355,Fort Carteret.
1356,"Sandusky River, O."
1357,Sneicaerty.
1358,Nazareth.
1359,Pachgatgoch.
1360,"Onondaga (""Onondago""), capital of Iroquois Federation, Onondaga Co., N.Y."
1361,Christiansbrunn.
1362,"Labrador, Terra."
1363,"Philip's Mill, east of Hudson River, N.Y."
1364,"Mahony Creek, emptying into Beaver River, Pa."
1365,Jersey.
1366,Gnadenthal.
1367,"Schechschequanunk, place on Susquehanna, Pa."
1368,"Zeninga, Zeningo, Zenenge."
1369,Ganatissege.
1370,U.S.A.
1371,"Filkentown, N.Y."
1372,"Washington Co. (including also Beaver Co.), Pa."
1373,"Stillwater Creek, Tuscarawas Co., O."
1374,"Orford, Ontario. Gegoraphic Names."
1375,"Swan Creek, Lake Erie, Ontario."
1376,Sambesink.
1377,"Glass House, Highlands, (?) N.Y."
1378,"Goschachgunk (Goschachking, Coschachkung), Delaware Town on Muskingum River, Coshocton, O."
1379,"Canoos (Oil Creek), Pa."
1380,"Mahican Town, Grand River, Ontario."
1381,"Thames (Retrenche) River, Ontario."
1382,"Wakotameki (""Wapitameki""), near Dresden, Muskingum Co., O."
1383,"Goschgoschunk (Coschkoschingk, Coschcoschingk, Kuschkusching), Munsee Town on Allegheny River, Venango Co., Pa."
1384,Kaschkaschkung (Kaschkaschkunk).
1385,"Springfield, O."
1386,"Macungie (al. ""Maguntsche""), Lehigh Co."
1387,"Zurich, Switzerland"
1388,Walhanding Creek.
1389,Michler's Tavern.
1390,"Shekomeko (""Shecomeco, Checomeco"") Dutchess Co., N.Y."
1391,"Thuernstein, Broad Mt., Schuylkill Co., Pa."
1392,Sopus.
1393,"Great Island, in West Branch Susquehanna River, Pa."
1394,"Memekasing, Munsee Town, O."
1395,"Delaware Town, White River, Ind."
1396,"Salt Creek, Muskingum Co., O."
1397,Long Island. N.Y.
1398,"New Salem, Erie Co., O."
1399,"Chemung (Schammungk, Schommunk, Shammunk, Shommunk, Uschummo, Uschommung), town in Chemung Co., N.Y."
1400,"Walhanding (Walhanding) River, O."
1401,"Tuscarora Mountains, between Franklin and Fulton Co., Pa."
1402,"Milk River, Mich."
1403,Spain.
1404,Fort Charter (properly Charters).
1405,"Woapicamikunk (Wabicamigunk) White River, Ind."
1406,"Filkentown, Dutchess Co., N.Y."
1407,"Warwick, O."
1408,"Hamilton's Mill, Ind."
1409,Fort Stanwix.
1410,"Munsee Town, Petquotting River, O."
1411,"Leipzig, Germany."
1412,"Au Glaise River, O."
1413,"Owl Creek, possibly Gokhesing, Kekesing."
1414,"Canaseraga Creek, Livingston Co., N.Y."
1415,Tuscarora Creek.
1416,"Fort Laurens (""Laurence"", ""Lawrence"")."
1417,Susquehanna River and Valley.
1418,"Benigna Creek, Mahantango Cr., Schuylkill Co. Pa. (?)."
1419,"Housatonic River, Conn."
1420,"Broad Mountain, Pocono Plateau."
1421,"Vincennes, (Post Vincennes, ""Post Vincent"") Ind."
1422,"Toronto, Ontario (""York"")."
1423,Fort Ligonier.
1424,"Belldown, Scottish settlement, Chenaie ecartee, Ontario"
1425,"Milford, New Haven Co., Conn. (""Old Milford"")."
1426,"Snake Spring, Bedford Co., Pa."
1427,"Buffalo, al. Charlestown, Wellsburg, Brooke Co., W.Va."
1428,Lower Scatticok.
1429,Atlantic Ocean (Coast)
1430,"Machswoamik (al. ""Machawomick"")."
1431,"Quahen, Canada."
1432,Taniwandi.
1433,Getgatain.
1434,Languntouteney.
1435,"Scioto (""Sioto"") River, O."
1436,"Wyandot Town, east bank below the lower rapids of Sandusky River."
1437,"Sambesink (Sambeing), (Armstrongtown), Greentown, near Mansfield, O."
1438,"Baltimore, Md."
1439,Catores' Creek.
1440,Tschechachequanigk (Schechschequanunk).
1441,"Wilmington, Del."
1442,"Maschapinck Creek (Maschaping, Maschapunk)."
1443,"Nain, near Bethlehem, Pa."
1444,"Jersey (""The Jerseys"")."
1445,"Ysenburg-Budingen, Germany."
1446,New Shammony.
1447,"Hackientachous Cr., (mod. Hokendaugua Cr.), al. Wilson's Cr., Northampton, Co., Pa."
1448,Telpi-Mahonunk.
1449,"North Carolina, Wachau."
1450,"Hudson River (""North River"")."
1451,Attike
1452,"Grace Half (Fulneck), Yorkshire, England."
1453,Falls of the Ohio.
1454,"Salt River, Siwatakanisipi, west side of Lake St. Clair, Mich."
1455,"Havanna (""Awanna"")."
1456,"Irish settlement, probably Ind."
1457,"Long Island, Pa."
1458,St. Marys River.
1459,"Mochkawunke, tributary of Allegheny River."
1460,"Louisburg, Cape Breton, Nova Scotia, Canada."
1461,"Nanticoke (""Nanticoke Town""), Luzerne Co., Pa."
1462,"Huron (al, Petquotting) River, O."
1463,"Machilusing (Machelusing Machwihilussunk, Wichlusing, Wichloosing, Wichilusing, Wihilusing, Wialusing, Wyalusing)."
1464,"Mahican Town, Maumee River, O."
1465,"Hopedale, Labrador."
1466,"Hernhag, Germany."
1467,"Allentown (""Allenstown""), Pa."
1468,"Camp's Mill, N.Y."
1469,Great Island.
1470,"Killbuck Creek, Holmes Co., O."
1471,"Oil Creek, N.Y. (""Canoos"")."
1472,"Washington, Adams Co., O., mouth of Ohio Brush Creek."
1473,"Esopus (""Sopus"") N.Y."
1474,"Dickenson College, Carlisle, Pa."
1475,Mississippi River and area.
1476,"Pinery, place on Thames River, Ontario."
1477,"Holsbon River, Tenn."
1478,"Lawunakhannek, Allegheny River, Pa."
1479,Conitshaggery.
1480,"Woaketammeki (Woakatammike, Woaktammike, Woaktammuk) Shawnee town on Muskingum River, O."
1481,"Neshaminy, (""New Shammony""), Bucks Co., Pa."
1482,"Gnadenthal, Pa."
1483,"Gothenburg, Sweden."
1484,"Sucachqualle's Town, O."
1485,"Tuscarora (""Tosgarore"") Town, Grand River, Ontario."
1486,Susquehanna River.
1487,"Springplace, Ga."
1488,Wyoming.
1489,"Sandusky Point, O."
1490,"Germantown, Pa., Montgomery Co."
1491,"Salem, O."
1492,Oley.
1493,"Schechschiquanunk (""Schechaschequani"") on Susquenanna River, Bradford Co., Pa. Geographic Names."
1494,Tenkhanneti.
1495,"Conestoga, Lancaster Co., Pa."
1496,"Mihillusing, Bradford Co., Wyalusing. Pa."
1497,Malden.
1498,"Virginia, Colony, later State."
1499,"Cayuga Lake, N.Y."
1500,"Schammungk, Schommunk."
1501,Nanticoke Town.
1502,Nazareth Hall.
1503,"Munsee Town, Sandusky River, O."
1504,Maumee River.
1505,"Farmington, Conn."
1506,"Captives' Town, Upper Sandusky, O."
1507,Pittsburgh.
1508,"Great Creek, (Ohio River)."
1509,"Cedar Point, Lucas Co., O."
1510,"Sichem, N.Y."
1511,One Leg Creek.
1512,"Deep River, O., Chitquou."
1513,"Irish settlement, Allen Tp., Northampton Co., Pa."
1514,"Venango River (French Creek), Venango Co., Pa."
1515,"Catters Kill, Greene Co., N.Y. (""Kaders Kill"")."
1516,"Negro Town, Ohio near Upper Sandusky."
1517,"Black Creek, tribut. of St. Marys River."
1518,"Feuerlein (poss. ""Fire line"")."
1519,"Nuelstown(?), Belmont Co., O."
1520,"Delaware Town, Upper Sandusky."
1521,"King's Island (Grosse Ile), Mich."
1522,"Quebec, Canada."
1523,"New Milford, Litchfield Co., Conn."
1524,North Western Territory.
1525,"Bethlehem, N.H."
1526,"Marietta, Washington Co., O."
1527,Nain.
1528,"Stissing Mountain, N.Y."
1529,"Salem, Tuscarawas Co., O."
1530,"Mineral Spring, ""Gesundbunnen"", Carbon Co., Pa."
1531,"Sandwich, Ontario."
1532,"New River, Va."
1533,"York, Pa., (""Yorktown"")."
1534,"Wyandot Town, Upper Sandusky, Wyandot Co., O."
1535,"Menissing (""al. Menissing Town, Munsee Town"") Lacawanna Co., Pa."
1536,"Fatter Lane, London."
1537,"Rolof Janssens Kill, Columbia Co., N.Y."
1538,"Cape Cod, Mass."
1539,"Washington, Pa."
1540,Kuschkusching.
1541,"Fort Loudoun, Franklin Co., Pa."
1542,Quebec.
1543,"Fort Schuyler, Utica, N.Y."
1544,"Sandusky Bay (St. Deske), (Little Lake), O."
1545,"Huron River, now Clinton River, Mich."
1546,Anajot
1547,Pittsburg.
1548,Woapicamikunk.
1549,"Shippensburg, Cumberland Co., Pa."
1550,Cajihaga.
1551,"Cedar Point, west side of Lake Erie, near Toledo, O."
1552,New France.
1553,"Coneecachegue (""Canjoschikker"") [?] Franklin Co., Pa."
1554,"Fort Allen, Carbon Co., Pa., modern Weissport."
1555,"Conrad Weiser's Creek (Tulpehocken Cr.), Berks Co., Pa."
1556,"Shekomeko, N.Y. (""Checomeko"")."
1557,Asscennessik (Assinnissink)
1558,"Seabrook, Rockingham Co., N.H."
1559,"Socana, prob. a river."
1560,"Alackhookamikoae, branch of Wilson's Creek, Northampton Co., Pa."
1561,"Friedenshutten, Bethlehem."
1562,"Chippawa (""Chippaway""), Ontario."
1563,New York City.
1564,"Gnadenwinkel, on Gnadenhutten tract."
1565,"Seven Ranges, Pa."
1566,Tuscarawas.
1567,"Toiondo, Toronto."
1568,"Mount Rock, Cumberland Co., Pa."
1569,"Shamokin (Shomokin, Shamoko, Shomoko, Schomoke, Schomoko), place on Susquehanna River, Pa."
1570,Caskaskung.
1571,"Woapiminschijeek, Ind. (""Where the chestnut trees grow"")."
1572,"Bigbear Creek, Ontario."
1573,"Wechquetank (Wequetank), Pa."
1574,"Wajomik (Wyoming, Pa.)."
1575,"Pachgatgoch, Conn."
1576,Hudson.
1577,"Whitewater River, Ind. and O."
1578,"Grand River, Ontario, (""Schwago"")."
1579,"Lehigh (""Lecha"") River."
1580,"Lac, Poponming Pond (al. Long Lake) Monroe Co., N.Y."
1581,"Mississinnawa, al. Lemachtschesink, tributary of Wabash River, Ind."
1582,"Mennesing, place on Delaware River, Pa. and N.J."
1583,"Wechpakak (Wechpakak, Wiekpekat) place in Upper Susquehanna region."
1584,"Marietta, O."
1585,"Stillwater Creek, Harrison and Tuscarawas Co., O."
1586,Pacific Coast.
1587,"Asylum, Bradford Co., Pa."
1588,"Wentschipaqua, Ontario."
1589,"Genessie River (""Chenessie""), near Rochester, N.Y."
1590,"Jena, Germany."
1591,Susquehanna River and area.
1592,"New Milford, Conn."
1593,Guinea.
1594,Mensing.
1595,"Esopus, Kingston, Ulster County, N.Y."
1596,Paint Creek.
1597,"Grand River, O."
1598,"Sugar Creek, O."
1599,"Tobihanna Creek, Monroe Co., Pa."
1600,"Sharon, Tuscarawes Co., O."
1601,"Munsee (""Moncy"") Town, near Lower Sandusky, O."
1602,"Harrison's Ferry (Harrisburg, Pa.)."
1603,"Chartiers Creek, Allegheny Co., Pa."
1604,Echquitehanok.
1605,"Tuscarawas (""Tuscarawi"") River, O."
1606,New Hampshire.
1607,Sasena.
1608,"Gnadenhutten, on Muskingum River, O."
1609,"Sheweko, place near Shekomeko."
1610,"Bedford Co., Pa."
1611,"Walhanding River, O (""Walhanding Creek"")."
1612,"Sugar Creek, tributary of Tuscarawas River, O."
1613,"New Haven, Conn."
1614,Chenaille ecarte.
1615,"Lehigh River Falls, Carbon Co., Pa."
1616,"Little Stillwater Creek, Tuscarawas and Harrison Co., O."
1617,"Wheeling, W.Va."
1618,"Lower Sandusky (St. Dusky""), Fremont, O."
1619,"Scattigok(""Scattacook""), Conn."
1620,Lake Huron.
1621,Pohopoco Creek.
1622,"New Purchase, area in north-west Ohio."
1623,"Negausibis, Sand River, Aux Bables, Ontario."
1624,New York.
1625,"Grand River, Cuyahoga River, Ohio."
1626,"Lititz, Pa."
1627,"Six Nations towns, Grand River, Ontario."
1628,"Little Falls, Herkimer Co., N.Y."
1629,"Sandy Creek, O."
1630,"Cuyahoga (""Cajihaga, Cayahaga, Gajahaga"") River and place, Akron, O."
1631,"Ephrata, Lancaster Co., Pa."
1632,Cranberry.
1633,"Long Island, West Branch of Susquehanna, Pa."
1634,"Wechquatnach, Litchfield Co., Conn."
1635,"Newcomerstown, O."
1636,"Georgetown, Beaver Co., Pa."
1637,"Berbice, Brit. Guyana, S. America"
1638,"Woapikamikunk, Delaware Town, White River, Ind."
1639,"Oley, Pa."
1640,"White Woman's Creek (Walhonding Creek), Coshocton Co., O."
1641,"Lebanon, Warren Co., O."
1642,"Kingston, Ontario."
1643,"Huron River, Wayne Co., Mich., at Detroit River estuary."
1644,"Spangenberg, Northumberland Co., Pa."
1645,Mingo Town.
1646,"Emmaus, Pa."
1647,"Owego (""Oweke""), Tioga Co., N.Y."
1648,Brandt's Town.
1649,Kinhanschican.
1650,"Berbice, South America"
1651,"White River, Ind. (also Woapicamikunk, q.v.)."
1652,Uschummo Uschummunk.
1653,"Four Mile Creek, Butler Co., O."
1654,"Schechschequannink (Tschechschequannink) Bradford Co., Pa."
1655,"Danbury, Fairfield Co., Conn."
1656,Monongahela Hill.
1657,"Tuscarawi, O."
1658,"Sakunk, place at the mouth of Beaver Creek."
1659,"Fort Schuyler (""Skuyler"")."
1660,"Hudson River, N.Y."
1661,Christianspring.
1662,"Albany, N.Y."
1663,"Dover, Dutchess Co., N.Y."
1664,"Horseshoe Fall, Niagara River, Ontario."
1665,Sandusky Island.
1666,"Brantford, Ontario, Mohawk Town, Brand's Town (called Brownstown)."
1667,"Dansburry (""Danesberg""), mod. Stroudsburg, Monroe Co., Pa."
1668,"Zeist, Holland."
1669,Chenango.
1670,"Attike (Attique, Kittanning, Pa.)"
1671,Friedenshutten.
1672,"Siwatakanisipi, Salt River, West side of Lake St. Clair."
1673,"Queenston, Ontario."
1674,"Hope's Cove, anchoring place on (South?) Bass Island, Lake Erie."
1675,"Neu-Herrnhuth, Greenland."
1676,"Skehantowa (Wyoming) (""Tschehantowah"") Shawnee center on the Susquehanna."
1677,"Carlisle, Cumberland Co., Pa."
1678,"Adamstown, Lancaster Co., Pa."
1679,"Freehold, N.Y."
1680,Gnadenhutten (M.).
1681,"Warpoles, also Mittesagi."
1682,"Beaver (Beavertown), Pa."
1683,"Turtle Creek, Westmoreland and Allegheny Co., Pa."
1684,"Presqu' Isle, Pa."
1685,"Delaware Town, Ind."
1686,"Kaskaskunk (Kaskaskung, Kaschkaskung, Kaschkaschkunk), Munsee Town on Beaver River, Lawrence Co., Pa."
1687,Greentown.
1688,"Morristown, N.J."
1689,"Pennsbury Manor, Bucks Co., Pa."
1690,"Okak, Labrador."
1691,Tuscarawi.
1692,"Poughkeepsie, N.Y."
1693,"Paxtang (al. ""Paxton, Paxtown""), Dauphin Co., Pa."
1694,"Oochgelogy, Ga."
1695,"Potomac (""Petowmac"") River."
1696,"Friedensthal, near Nazareth, Pa."
1697,"Gekelemukpechunk (""Gegelemukpechunk"")."
1698,Wyalusing Creek.
1699,"St. Thomas, West Indies."
1700,"Kitigan, Ontario, Chippewa town."
1701,Ottawa Channel.
1702,"Popooming Pond, al. Long Lake, ""Lac""."
1703,"Sandusky Bay,(St. Deske), (Little Lake), O."
1704,"Chemung (""Schamung"") River, N.Y."
1705,Tetechgath.
1706,"Narrows, The, Essex Co., N.Y., south end of Lake Champlain."
1707,"Big Beaver Creek, Pa."
1708,Amatschiwomunk
1709,"Cornelius Creek, tributary to Muskingum River."
1710,Monongahela (Monongahela).
1711,Newark.
1712,"Pigeon Roost, place near Blanchard River."
1713,"Wilawana (Wilawane, Wilawanunk, Wilawunk), Bradford Co., Pa."
1714,"New Town, Bucks Co., Pa."
1715,"Philadelphia, Pa., Barracks."
1716,"Goschschossunk, Goschschossink, place in Ohio."
1717,"Boston, Mass."
1718,"Bristol, Bucks Co., Pa."
1719,"Kaniseraga, Ganaeraga Creek, Livingston Co., N.Y."
1720,"Graceham, Md."
1721,"Spring Creek, near Wechquetank, Monroe Co., Pa."
1722,"Retrenche River, same as Thames River, Ontario."
1723,"White's Mill, Beaver Co., Pa."
1724,"Sharon, Litchfield Co., Conn."
1725,"Kitiganesink (""in the garden"")."
1726,kaskaskunk.
1727,Tschallachgasi.
1728,"Chestnut Hill (""Kastanienberg"") near Gnadenhutten, Carbon Co., Pa."
1729,"Mount Pleasant, Jefferson Co., O."
1730,Schneycarty.
1731,"Kaunaumeek, N.Y."
1732,"New Stockbridge, N.Y."
1733,"Redding, Fairfield Co., Conn."
1734,"Wolf's Mountain, Monroe Co., Pa."
1735,"Lehigh River (Lecha), Pa."
1736,"Chenango (Sheninga, Zeninga, Zeninge, Zenenge, Zeningka), River and Area, Chenango Co., N.Y."
1737,"Ferry House, Thames R."
1738,"Laramie Creek, Shelby Co., O."
1739,Maumee Bay.
1740,"Huron River (Clinton River) Macomb Co., Mich."
1741,"Georgetown, Pa."
1742,"New Philadelphia, O."
1743,"Lake St. Clair (""Sinclair"")."
1744,"Thuppekink (""Schonbrunn"")."
1745,West Indian Islands.
1746,"Ta-ne-wan-di (Seneca), ""rapid stream""."
1747,"Morgantown, W.Va."
1748,"Lancaster Co., Pa."
1749,"York, Pa."
1750,"Onondaga, N.Y."
1751,"Fort Stanwix, Rome, N.Y."
1752,Gigeijunk.
1753,Assunnunk
1754,"Goschgoschunk (""Coschcoshing"") on Allegheny River, Pa."
1755,Newfoundland.
1756,White Woman's Creek.
1757,"Fort Niagara, N.Y."
